App ID,App Name,Found App Name,Package ID,Similarity %,Icon URL
"app_1770825768298_s5kuh23rn","Android Accessibility Suite","Outils d'accessibilité Android","com.google.android.marvin.talkback","47","https://play-lh.googleusercontent.com/xBFTJQCPqUh0i97AwiPo-tPBndyn9GWwAqeoxPgKEPLdFcCaRsqcBpr6SC4uYgJ6Ew"
"app_1770825770148_zbz9zykl7","Audiomack: Music Downloader","Audiomack : téléchargeur","com.audiomack","44","https://play-lh.googleusercontent.com/4zXhkPkaVyWr-1jyOSw63KXVJSoeJRUOasy9x9Lsr2FBFc1RXHI9hZ-Dioud0hmSlYIv"
"app_1770825752659_v1q9eago9","BeReal. Your friends for real.","BeReal. Tes amis pour de vrai.","com.bereal.ft","47","https://play-lh.googleusercontent.com/8Lu1K0dDM8hFB3wlkUgUvOOw9hc7NRwVijiEPqeXZhzz7t2Q3jktTZ_aqT3kofwurG4"
"app_1770825788594_sat7dxsru","Canva: AI Photo & Video Editor","Canva: Retouche Photo et Vidéo","com.canva.editor","40","https://play-lh.googleusercontent.com/tUZNUbnNGw8I6uLg8Zy2ZWbmSFuT5kK0dYA8tdqNmldlozNS_jSjDw5j2nElRsoTzQ"
"app_1770825766513_rwna8fr8d","Cleanup: Phone Storage Cleaner","Cleanup: Nettoyeur Téléphone","com.storage.androidcleaner","47","https://play-lh.googleusercontent.com/ch_hRY59cDYlQrI-Utveqytsnu3rsMbhWeZWnX8AFLj4nW-CqA0BGl8EFxkk4Lz8DzEorfag343uFRgVPWCQ"
"app_1770825797286_1ftis86ag","Collage Maker | Photo Editor","Montage Photos - Collage Photo","photoeditor.layout.collagemaker","30","https://play-lh.googleusercontent.com/ESTjkU8UqzM0FE0wKykfY51WEGpZZV1h6Vltgy9Z2bzrDaLA_MIyX85IpCHLb2_7-_U"
"app_1770825773593_ckjlu9lx8","DuckDuckGo, Duck.ai (optional)","DuckDuckGo Browser, Search, AI","com.duckduckgo.mobile.android","37","https://play-lh.googleusercontent.com/NW2ASwJ4qtxfThhVIpm4641sR4o-yGv80yqaJnOnpC4lEmdxEcNTFcF6-TlZYtmdaA"
"app_1770825799674_jz2mxml77","Etsy: Shop Home, Style & More","Etsy : achats en ligne","com.etsy.android","31","https://play-lh.googleusercontent.com/QjuCfvGNr91o5Do9OyNjBprY12cNi4d-uAm73zlHucElV306V5S2Rl1g02kqsXcDqA9XFYIeOD-LI0rdiJk_"
"app_1770825794769_otx1mawp9","FaceApp: Perfect Face Editor","FaceApp: Éditeur de visage","io.faceapp","46","https://play-lh.googleusercontent.com/wy7PeVendA2m-DZnkSZepPYA9BaYydp35NhUwiw-BWkqh7BwvTAYMnlox118MmE2mQ"
"app_1770825758573_sdb288so4","Forest: Focus for Productivity","Forest：Rester Concentré","cc.forestapp","37","https://play-lh.googleusercontent.com/HCg7C-dntSsqB21-UOjYq1RaF1NC8SNOKGaGncridJBTSxXgGDRJxngSy6aztsoynyo"
"app_1770825785870_k3jply57a","HD Video Player All Formats","Lecteur vidéo HD tous formats","com.rocks.music.videoplayer","38","https://play-lh.googleusercontent.com/3XRmBa9MB3BUwZfF57ycUls3X-Cz0M4dtSrxcji9nEXORz5xPJtwOnCpsxlvltX67oQ"
"app_1770825763426_kj80eucbz","Journal it! Productivity, Note","Journal it! - Bullet & Planner","org.de_studio.diary","43","https://play-lh.googleusercontent.com/ywZxG3YRI8dhRymmtqE1tsK1TKM5erN0wNoqnPqM16MLBOnszdZx7YwVit53vsG3K5cMqQ96xDgeEfDVuDiKsA"
"app_1770825784871_6q4ultwth","KMPlayer - All Video Player","KMPlayer - Lecteur vidéo","com.kmplayer","48","https://play-lh.googleusercontent.com/c50C3ph3Sm4u4NtSzp1f5dp4_-8KOy-Xj0fMKnI9noJ5Q0s9XKzElgDXgMZ-_5Il7Usq"
"app_1770825790807_37k17ubzi","Lightroom Photo & Video Editor","Lightroom éditeur photo-vidéo","com.adobe.lrmobile","47","https://play-lh.googleusercontent.com/ALv_YzwUQTXc17qvu2oy7JTl8Qn-zm22M4FoZKVv2Ru541nDa2EltKPSlv_KyQGacLdpHLotR9Z98bamyEd9rKc"
"app_1770825751826_bbt53psby","Meetup: Social Events & Groups","Meetup : événements locaux","com.meetup","47","https://play-lh.googleusercontent.com/0MR37odCF8CmwYM3gQEiPzlDMI0svuLQ-wqciKDrYU089-diyI-DIfxzEF7xmtXvP3_fnBfbkKrhp8HvIWo2E_A"
"app_1770825752242_2aqqkshm6","OK: Social Network","Одноклассники: Социальная сеть","ru.ok.android","7","https://play-lh.googleusercontent.com/n5IlYt9jRkNe3cA_aFq42plGz9BP1oH9tvh_LHi4w7s5BZhN_yzrio9jubsR3Jpqqk5a"
"app_1770825772357_5krpdcgab","Opera: Private Web Browser","Navigateur Opera avec IA","com.opera.browser","15","https://play-lh.googleusercontent.com/arHjD1CpUMbdhSFv5FXN2ckVcYMD4_49Mv80TBDx1YLKLZ36g4MM07zz8Q3r2Eyi2pd2"
"app_1770825789437_z2u9netcl","Picsart AI Photo Editor, Video","Picsart Éditeur Photo par IA","com.picsart.studio","47","https://play-lh.googleusercontent.com/XqT9IqLdpcfqQ9OnfK8cfZ18wms1QKnRxG_IQPVnmUuHd3oih99H8w3H3F1EVD3KjII"
"app_1770825783371_4ioydfgzx","PlutoTV: Live TV & Free Movies","Pluto TV - TV, Films & Séries","tv.pluto.android","43","https://play-lh.googleusercontent.com/O6MtMEvYNmr-I_cntqWT2Lq8L5Y5bG01V5udGLT8-8LcpNzeeOCDjgaX-mQEushfwrLjT74nVJMlmSgeIxtP"
"app_1770825774531_0sclqh3zb","PolyBuzz: Chat with AI Friends","PolyBuzz -Talk to AI Character","ai.socialapps.speakmaster","47","https://play-lh.googleusercontent.com/0pUnIxdTlfubi7Qy2ca1kMHCoA2qn6AF4zRRLgna01jPKuVJgwddW8sKpebeKoJkQFM"
"app_1770825790189_kf5kiop65","Remini - AI Photo Enhancer","Remini - Améliorer Photos","com.bigwinepot.nwdn.international","46","https://play-lh.googleusercontent.com/XJ6_UDSJx-QHQreBmIro5VMRJ--42F1XY3QphSYkeSRZdAUA0o_Y-EydVdK-NZOh"
"app_1770825777784_igzxc49jf","Sony LIV: Series, Shows, Movie","Sony LIV: Sports & Entmt","com.sonyliv","47","https://play-lh.googleusercontent.com/QtxELma_6y1jezI8QKqVtI8Tb0flMhPjIAzU-VSZ2jz7RwriCENXQk4M6MvUyVi5qg"
"app_1770825800745_u1t52eytd","Temu: Shop Like a Billionaire","Temu : Achats et Mode en Ligne","com.einnovation.temu","33","https://play-lh.googleusercontent.com/Nz5sdWyh7jn4eTy_GSaRBDgaKhLC1pvYywC6fklDOlPGbopmeFN9NkqgKGjsvJMbKVEI"
"app_1770825749376_nq2d6dajv","Truecaller: Spam Call Blocker","Truecaller: Bloque les spams","com.truecaller","45","https://play-lh.googleusercontent.com/qtgLcbI3f7CHcg8vUjYQQv3jzJ05-prQ5wr6VN0F-ehAFqLEjNNhFD_QbjujOAy-r4w"
"app_1770825775219_um0hhlzj1","Tubi: Free Movies & Live TV","Tubi: Films et télévision","com.tubitv","41","https://play-lh.googleusercontent.com/3nVkWPn19cL1C1LZ8AXEtS8z3VxoWc4SIlIN75sc437oM_9hVL1vhKpAGdUtVIPLj9o"
"app_1770825753160_bcl5fsqg3","Tumblr Social Media & Art Blog","Tumblr – Fandom, Art, Chaos","com.tumblr","43","https://play-lh.googleusercontent.com/cQuxmGMz2x7bY9217kl65c5S3SSeGVHnCJyAq6aogWLFWGkiCXo-qvKIpIe6c3h_9Col"
"app_1770825755663_0e4bvgjan","Twitch: Live Streaming","Twitch : streaming en live","tv.twitch.android.app","46","https://play-lh.googleusercontent.com/Y6epalNGUKPgWyQpDCgVL621EgmOmXBWfQoJdaM8v0irKWEII5bEDvpaWp7Mey2MVg"
"app_1770825786172_i55nhla55","Video Player All Format","Lecteur Vidéo Tous Formats","video.player.videoplayer","35","https://play-lh.googleusercontent.com/EYpaQSLn2UpiVWhSIISiy2xapya2vVJvYNaKgOKy6Tr5o3QZG7GSaW4azVsFj6Ce7jY"
"app_1770825784570_ztlvsya2t","Video Player All Format","Lecteur Vidéo Tous Formats","video.player.videoplayer","35","https://play-lh.googleusercontent.com/EYpaQSLn2UpiVWhSIISiy2xapya2vVJvYNaKgOKy6Tr5o3QZG7GSaW4azVsFj6Ce7jY"
"app_1770825785238_rh822qez0","Video Player All Format","Lecteur Vidéo Tous Formats","video.player.videoplayer","35","https://play-lh.googleusercontent.com/EYpaQSLn2UpiVWhSIISiy2xapya2vVJvYNaKgOKy6Tr5o3QZG7GSaW4azVsFj6Ce7jY"
"app_1770825805084_f3hdd5iu5","Wayfair - Shop All Things Home","Wayfair- Meubles et décoration","com.wayfair.wayfair","30","https://play-lh.googleusercontent.com/YEkfHyo5JHEV7YKYnjnZM18V4XboWzh1MFFC6D8RqhwIOtV5g2Yz7NWTabiMV8PXxVE"
"app_1770825801408_he7rh00kb","Wish: Shop and Save","Wish : Shoppez et économisez","com.contextlogic.wish","43","https://play-lh.googleusercontent.com/IQKc-fF8iDPysSuc9EssDW84qXGsLsO3W4aTCmBnavjAFJqo2z6KXe9_xZOoMm5Q6JnoNKmW49ZgszrtLtgR"
"app_1770825799343_u1klsdm6y","eBay online shopping & selling","eBay : Achat et vente en ligne","com.ebay.mobile","30","https://play-lh.googleusercontent.com/31-mJUIynIfQBizOn-w1yWLKHBxVeRKA3gz348_E3K-TnuEaqCjn_-Fr9j0yQ6i0y5E"